{
    "loss": 0.9916601181030273,
    "accuracy": 0.9031612873077393
}