{
    "loss": 28.450469970703125,
    "accuracy": 0.9063875079154968
}